<?xml version="1.0" encoding="utf-16"?>
<Prisoners>
  <Prisoner>
    <Id>3</Id>
    <Name>Binni Cornhill</Name>
    <IncarcerationDate>0001-01-01</IncarcerationDate>
    <EncryptedMessages>
      <Message>
        <Description>!?sdnasuoht evif-ytnewt rof deksa uoy ro orez artxe na ereht sI</Description>
      </Message>
    </EncryptedMessages>
  </Prisoner>
  <Prisoner>
    <Id>2</Id>
    <Name>Diana Ebbs</Name>
    <IncarcerationDate>0001-01-01</IncarcerationDate>
    <EncryptedMessages>
      <Message>
        <Description>.kcab draeh ton evah llits I dna  ,skeew 2 tuoba ni si esaeler mubla ehT .dnuoranrut rof skeew 6-4 sekat ynapmoc DC eht dias yllanigiro eH .gnitiaw llits ma I</Description>
      </Message>
      <Message>
        <Description>.emit ruoy ekat ot uoy ekil lliw ew dna krow ruoy ekil I .hsur on emit ruoy ekat ,enif si tahT</Description>
      </Message>
    </EncryptedMessages>
  </Prisoner>
  <Prisoner>
    <Id>1</Id>
    <Name>Melanie Simonich</Name>
    <IncarcerationDate>0001-01-01</IncarcerationDate>
    <EncryptedMessages>
      <Message>
        <Description>krowten nIdekniL ruoy ot em dda esaelp</Description>
      </Message>
      <Message>
        <Description>!uoy rof ecalp tseb eht dnuof uoy epoh i einaleM</Description>
      </Message>
      <Message>
        <Description>.edulcni ot ton detpo yeht hcihw tub ecalp tsrif eht ni dedeen yeht meht dlot I sgniht lla – cte ,sppa lufesu ,tnetnoc cimanyd evisnopser ylluf ekil sgniht tnemelpmi ot detnaw yeht tuo snruT</Description>
      </Message>
    </EncryptedMessages>
  </Prisoner>
</Prisoners>